temp,humidity,wind_speed,pm25
32.03655181543547,51.959370936592094,4.799514292313805,66.5485929516778
31.535077349229223,50.93115982097223,1.2486628645673237,62.16231959434319
31.99998714617797,52.57236430943246,7.905387653647823,81.2683166688236
21.612200009372362,45.79495423256563,1.3807515906057999,95.36783758351217
28.194843132620917,53.697956344940266,5.614313549452726,47.47500103202785
37.70708834249338,75.59470236462062,0.4780614984615994,66.31081672892863
26.934127461777422,34.91230171443629,7.104281530888445,70.69433498737294
23.62851971721534,40.23657259531739,3.6736484495900212,92.84993308908562
21.674749664447702,71.50321855651008,6.706023153481729,60.77794109694665
39.03802621534754,30.79536460117761,6.168634990896521,18.369933183496755
20.486791681138257,40.77113386026737,0.5324674864513301,31.41581083996117
32.580808808592366,75.42176401389092,9.953298457906607,88.00426035708222
33.208125865404305,77.67204645946256,2.3214679233873836,60.07223477009899
30.54040129486417,71.41093500180806,3.0700785882637707,76.0622575208898
25.579841189494207,67.56112351787527,7.8658200924917345,13.694878820787181
28.32833402781225,71.5868711480722,4.047029598889268,60.21675121649102
37.45574831250198,76.4086042900768,3.2149539692896036,84.75184735036049
23.85289677022984,71.58346547745948,4.484295364115987,73.39464059948772
25.77493073668549,57.040796628666286,7.912884313443844,79.23129896362047
25.099096945039634,62.69110380357883,1.6546039958635128,31.01539938079103
24.825289824875412,69.17144033114852,1.4236940985737434,27.61422935827444
30.771179367964052,38.9562286787961,6.404313457420755,36.87375541971204
37.82311799149723,64.56646567688118,8.209601897895777,89.06891969607221
34.42146675069033,38.75375232814402,1.2920471900090436,69.76745067177504
39.58590355268988,58.21922404736864,8.917787659563501,73.14243627053852
38.92501434826686,75.57160145690042,0.7060620311456123,29.306840629137596
32.386615750326655,43.82675718595573,4.925604998696386,54.41326789917416
26.997747101618756,70.05346819872852,1.437021767107659,23.791267546096858
35.13245897384762,63.3483681784167,4.365080311657936,14.522916878632916
33.782111679384386,42.249427724267456,6.4833756973786505,31.882254452829265
23.47573862034087,64.37949664500698,5.468449768127652,13.66165562646739
28.246378617931047,35.08815620647477,7.831077776952581,79.29767554636697
23.496587039715475,74.73187116489197,8.852991727497026,54.74579108793371
23.46109783965673,47.590810354152254,5.6180918420268675,92.22488203338732
31.467483364341703,64.92295528581336,9.185662363439114,75.4665520242335
26.733081487181572,40.0549980414941,8.374736750355291,17.159279769408407
38.97042475686798,66.90220763168773,4.129839104355646,69.5561587459197
37.378710839105665,43.777023023609274,4.42359786401158,34.63333402406869
35.981808413664865,50.848576858616994,3.50462185844754,47.97731011669202
36.624577372325,30.811935177190136,3.7074005814204614,17.981055615969108
35.898824241606555,75.88830394075535,7.042122019367506,66.34593771630067
28.603692226145547,30.016341006650972,2.410396120052085,93.4715266605431
37.605398694573026,69.07672315474039,4.282651216825142,50.94407872940738
22.76595160002756,74.46622066429143,3.2147593125533005,85.87665644975841
33.596617760507115,70.30962637605163,0.8820218547753134,57.852428287128724
32.847900908215514,62.40521256759522,7.581612305463451,49.98106435653366
22.50565966009819,30.895681193377456,4.924725629460372,33.40294641225394
32.176562947386394,61.16800186702861,3.620670074764112,28.23404572668433
21.979099163026042,37.28867402417449,8.592749641384316,44.693458628353085
22.047896036145673,59.07447858730534,8.481242863414414,66.03963977860565
34.252960107868276,70.0158348746004,4.512293704050886,19.50265326421534
25.973232565557964,77.0966087258665,3.6093063315761964,98.16047484468535
24.444833379473366,36.748951906565324,2.3277134652946785,60.16730383657408
28.9563085107205,64.97326902728163,6.467161319165433,94.94220761388952
35.801543660450356,71.93227234797,3.0775846085640057,93.48614905845388
27.72121374765046,56.41040402857253,9.877268470841065,72.83545160988638
38.4895765629866,65.82830029574995,7.3980060535672765,71.176530266198
31.617302008249602,41.16987232517414,5.008193040514577,34.55073105876608
36.2417009622344,47.40632873866117,8.422334226950404,74.3910826678488
32.19569389683184,64.4461076476879,3.6689942150879364,91.69470067148004
28.882116074046042,32.90460472636121,0.09683821822952132,55.72452758630807
37.283418016116585,56.61299056423463,0.04517637930164908,67.40972282946203
32.85454842284582,66.44002123508454,4.137385896897623,26.63845518713663
22.333848048586756,49.83462530517784,9.816191684345576,98.7588716191262
31.113587964966882,44.644134077010584,1.6152988755156217,44.940308162807526
29.677588425825668,52.513666995921795,7.319946175145717,68.58562863918789
31.294428038037136,32.446369811252715,5.398212940338844,27.796584550446894
23.896277248835545,72.33727426263906,6.097955514548331,53.65387837282172
31.130445104687677,75.91298029048001,9.864266732353494,14.539192724142675
23.68868885959076,76.73156932604428,2.529642993164003,23.969169760564323
31.75788611781121,51.802564268341285,7.865352629522445,62.17009705791219
33.818878421223346,53.01760894372316,2.3467043600387383,57.32976680364513
33.91398733790276,35.935605663210666,3.7237651467625366,69.71382306147589
32.086618088595785,68.21564985650153,5.243110579303601,34.30033525607274
24.58725552129441,66.74492477509867,2.880049996783919,10.232721308281805
25.46971455575452,73.51654778311541,6.203421587802338,24.537432567460094
31.628725653818453,31.732393984012838,2.561504657167575,91.29288144104915
33.962472635486044,71.38866423278907,2.9627763822207474,18.396187419236128
23.714726928371984,41.03309256631643,5.009945907654231,85.09747270756316
37.35652365009728,58.909494396536985,9.166602630458998,47.6972444215407
31.161421365557644,45.35549041746508,8.614806233008117,55.08920526643915
26.96160961834509,53.885960432736354,1.8154029384406223,69.30901358267363
25.405532462612566,73.19568011952842,7.998072844957489,55.342641186405864
20.63310743675155,44.232489513707954,8.306625895033733,39.82168685482462
29.00584944365657,51.00622312759644,3.4168111773188734,42.45377292372434
39.22546299628874,57.34438239223937,6.678795602196418,61.935265396510026
39.573238129424084,69.30069614867489,7.873067862835215,64.09007984379254
37.2359681715871,38.88600924572842,0.2777188007831888,71.48380074172466
26.536614137830345,42.386364332479054,3.6634429274335,17.019936321996397
27.1859816722998,45.67706983841932,7.257849879434307,68.06602773392831
22.905576464045552,63.705880607334045,7.954275075277829,65.21252815858598
28.114360358791842,53.56493060208497,8.178961024555015,52.21645235483036
39.32683243128365,44.982488922896394,5.999158272710632,91.13066117214959
20.904227392608597,44.81281171153453,1.1283108410012344,24.653470365892048
39.81312088243066,68.03749119213278,8.87756687587878,61.509081475244564
36.01697629874246,76.1183566529794,4.374311873017284,82.26530270325617
38.158558886636655,48.32181447869941,2.5899458712019108,41.578004259750855
35.73669275310113,31.106547344878322,6.264760898605219,85.39308285352222
27.025145121623133,75.62695745595403,6.767585858606466,30.880083179785018
21.49415241465364,47.85281552515055,0.06470608488205243,21.24699211288303
20.175234530598217,56.54052349510172,4.591716588816536,90.25227991502723
31.777782084258455,43.572998528199875,7.034975533152368,72.5656292401687
35.89482523766905,47.90195505577432,8.811540704202473,57.235399853478285
34.91082758673599,34.35900971033051,7.1508196784764575,44.92515703532306
23.932565090090765,49.993459859094855,0.48541977196777775,66.26614749319512
35.3827719601406,34.87812703892279,6.959120763965895,56.18287947214762
29.84783172585397,78.46943208820639,0.8596466064618513,52.738731018754336
39.04739566000041,60.09442230690301,6.487670702623614,26.45360573070387
23.50335473289523,39.62955459236117,7.4116924287864885,91.5846146367227
21.938861610526487,76.41753928055414,5.533004945086945,74.74245856715886
25.87987687432674,32.826078815926905,2.9339524139164586,62.12743636087784
26.76710529299995,70.00695844983271,4.757559805222965,94.21660351973046
38.97306075586228,38.77939949015031,4.781867356667946,30.95134141995459
20.9053405681212,49.755989052420354,6.692811190011213,37.39383474538441
22.99901331621305,70.64785439092796,4.510176263162277,46.249988708300336
27.85389290717265,62.66419174350604,8.82732387327414,83.42067126808348
29.45922478669566,65.81691513984435,1.8017129867253256,96.4745046768495
31.144376225729182,65.32690816485552,7.738494422810317,20.11686975475783
23.059177204622333,75.10102585014013,0.2752892034871013,83.66458208255035
23.362982684017652,33.8063220409947,1.6895464530985393,84.54839868178026
29.874882428641612,38.62429931157703,7.2183147781367465,86.31178447761265
28.66540940218524,43.785919833545144,3.6116218315096607,88.80123406351488
32.69471698501695,76.95747498215465,8.740895809217427,43.2548585641975
20.434566039368683,39.87985174198579,6.22260167891792,28.99603769565816
20.188281354130858,47.09905490082147,1.73552672420072,35.181140326693814
21.665238453115236,35.840954670499656,5.472793258662726,54.64295692495311
29.672357032648886,38.999330379651695,2.949753681964048,99.609095876143
23.820042445839498,75.64787009472192,4.641475236806485,80.72294026262726
39.70993482905827,32.889466364651305,2.4365591595728295,87.29025119456972
24.33377539396148,36.69824871118382,2.779778430141857,13.07999706311351
39.22907613635997,38.07192672333306,5.593556515600854,37.42619643174065
39.53187767843936,55.95262819010408,5.10503606149268,61.84076828631944
24.680605735657785,47.36719559525082,4.577872712074975,17.082375347802913
35.49702084277305,40.448940109428136,5.581014999145948,70.76116892970737
37.94401295991379,35.24316519881758,1.6310922022741636,99.22053532177263
21.649612190968533,49.743526730670965,3.3729295300014184,80.38156358358565
38.01954037663042,78.78236996463156,3.871479081226835,23.730886006506275
30.973820284917203,45.27615708307139,2.6306690502832364,59.72301220808307
29.95685171015691,61.588420717333165,2.5822826160024395,44.97075648305192
32.16775843082698,32.184556242853006,2.1996916365810004,70.10661276154937
22.044349234967385,52.545788255889704,9.613766928035716,83.32508379444258
37.2409171086301,64.4189168005453,9.1337878713888,53.01861329002194
25.002217820602382,48.406017372066444,3.2019907633330638,69.19712569339876
24.023238177720962,77.56426133014008,2.774691752812152,80.78180982073629
35.08022107729268,75.66866923863543,9.85119939593062,38.247645107618126
36.9276609335427,32.76172637044688,1.4775038268580931,22.470557736356845
35.93464406362504,58.8327324266688,9.004118608573329,99.31298481431669
27.88838680312137,65.65868698969734,5.437274029845245,60.74507422847762
27.76992890001045,57.04458122715337,2.3959011422877694,49.819412536496074
30.16765387089415,42.558574467694385,5.926860459530026,88.87708858008787
27.55933708164444,42.34548986385842,4.031473803482866,66.25921895462173
38.57885934597812,75.4016309694619,8.096864687895062,54.47374378006266
38.29507755326344,55.57725353763426,0.4551799331943729,55.08589159437929
24.66565320412642,47.52196299765974,4.916797471502057,69.38183012725003
29.347787899641748,46.52519458032581,6.522310928097941,94.02676713763137
20.093929725539926,71.75972946639506,2.8819549334281067,98.68652855361647
31.6225903364285,73.59617872057106,2.415307366732783,76.43145507823557
27.188748331958976,39.69132021738142,1.2210748300002827,38.61818857764263
23.525075702543596,52.38999395213857,2.0371906843023178,49.526568621298864
39.55831509774826,61.73474423981945,2.304549101411928,54.778798686766365
27.72818950869562,34.6208031221817,1.0963546380030464,18.101783168412027
35.852902170652236,57.4745157656026,6.716128443585473,22.451527117338372
21.023454704216824,74.79490177568502,5.976371187707457,55.624166095695905
37.32981084877366,50.66447182746986,4.166412273188429,58.21427543686412
35.7568390513906,47.71718096356851,7.724882091473736,15.71307877191221
32.22077553685192,72.22986581740541,8.017980237531148,86.52309748733296
31.762532221235762,60.109798535852505,9.77976921518193,78.20656699178772
31.395908317954095,67.58756628085433,1.1845789715676458,22.283620054292136
36.504124146935055,77.33739206902428,5.300832940950083,52.921240956686006
26.42458182650147,52.26874122803716,9.10514739258,96.81294558383924
39.69765971823136,62.089358218073244,1.3282518495801565,16.283885541418947
37.41588357018892,77.85391089818256,2.210669857752178,37.107289616042316
34.93813616879642,38.08910418245144,0.36065157703762285,44.18458889421074
27.375531362809348,62.156438778330134,5.287448078534891,32.97152956854794
21.98913946938534,52.5634580246969,0.6577108264832943,25.645898805221684
23.26509283053103,66.37367583347431,9.43263351440746,24.3355204162986
21.32302922870186,61.18366784362757,0.2969967079168234,13.951814461656273
27.4768653937335,67.48085856849491,9.049924900137027,40.9220611773254
33.604642748599915,65.4819531091176,3.1342958692094958,48.56562930828691
20.190815625783166,56.52946007928509,6.124141247306499,95.91691830572317
24.176404889494695,68.6588954456087,1.786523284908026,65.05958080916142
35.789163050025564,52.61027290305397,6.875721130621876,24.322071992358886
24.21473652710746,67.16856698113666,3.839011710617987,37.08620987409434
26.64181455422589,58.831111353722534,1.8333466580300994,21.624504346413516
32.74486638723669,49.547514952268074,8.586007867613908,65.88673915635653
28.465827528880787,47.80611335500034,3.254435541404448,85.47198666574157
25.0970819610992,31.80808193156407,3.9542233244051217,67.59381318628431
24.748566044117876,50.84837438797756,5.904406408018096,74.32288123108535
24.23525750990113,30.210018315651826,4.0322980272815565,17.994075297382402
21.42149683050302,41.472748769103006,2.6617838172119566,42.031939943334265
34.77666193031257,54.29769345243497,7.365894267313736,38.227096863548894
25.253579318525865,72.34159363550752,1.256390050083609,54.66510894452815
34.44591599306614,55.105263191830275,4.420792520811341,26.243586704750008
30.906413431715457,69.95713980165743,2.12584522303477,86.76940621996435
23.144432456932524,55.37410098864483,2.280546911901946,58.18898186984623
23.996676469803162,31.896007649123078,0.339280794416138,86.58736099678322
33.137362557336516,50.14929220101538,1.886811769361929,38.99142703280862
34.073017127566025,33.71130032752085,3.0555954921883077,62.899472705246765
33.423391939981165,31.14419590559583,6.159662586537563,78.87428327012543
39.92174813980998,38.13672383271795,5.848098022460365,47.13919846618371
37.01858646627218,48.26955018544739,6.520589450221291,27.011501129745092
27.696042645394837,51.19579745879356,3.9737357301163345,66.47611909077295
21.928048385428582,46.46014323708732,0.7712609614742816,64.97412332732885
28.98036866793116,34.31834148551318,4.11243363564761,47.87284020348875
24.00911355998028,32.734494815655715,2.5998509275279535,33.43467355846098
23.971509328858886,64.73405680006047,3.6410651524050595,49.70193534318318
23.334649143807773,50.329328958966954,5.507277906295687,52.621250394630344
33.918809836529476,66.6932654516661,0.23271009876642879,47.19260066215242
30.937090781008827,61.8056017834403,3.2548718276676825,37.373534385393214
31.366345646359868,58.861789426233024,8.359949795625193,44.86320691070304
39.40800492458867,50.52011779734886,0.30547049580938124,20.66698602280044
25.031644100143062,67.20271961340761,0.8313600020394463,48.806203150184565
25.510500819970147,71.7697266549015,5.188388590448593,70.77297135429502
25.01438701970575,62.78691875580666,9.684152690384241,55.30668600181687
26.42327350768533,67.80053623276318,8.454345024517462,59.21979896587456
38.50207388039382,68.31536855896132,7.477534783052749,47.13591968754624
24.070014916421982,38.8045854857704,5.446084460143128,93.21424577954686
31.017238549532927,37.581656178768796,4.794940440739573,87.96619376093595
34.576210533196836,49.17627305909604,2.3463043548516263,25.436745506872818
34.36790156021238,79.6691112683971,4.317962266784956,21.302958327203555
20.016425501335604,38.19054016495627,2.1212266209652575,75.8370871697299
34.95167198492071,71.64670880093492,9.97697865904576,53.34327217746013
39.78574371289159,49.53331630543669,7.133366684013519,34.94617089554946
25.103328273758017,53.9475852891588,6.916002220908053,36.02317609948527
28.89760146897858,73.66194609334735,6.716934466276233,37.838142392064825
23.582554186440547,57.45555243628033,2.639696200735706,86.13943943459584
32.08874774990825,46.53333357578022,8.963333678421916,26.152938339845765
28.558470967431546,34.299348484541305,9.050172860781386,24.388357931173196
24.682235849595024,48.14793404432021,0.38959865146626305,92.76183618133567
36.15519330109388,75.0034411783511,5.67980572400351,86.75000979986913
25.1805711417711,56.73810023863486,2.9003206746940613,49.941202157882756
33.21527068614253,77.394976579906,9.599992122960524,19.141513454880844
38.897339541867055,79.29315031663398,7.256325931673322,52.59466872453787
20.70338562613379,62.661065783636104,4.151935693341329,38.01554962429724
37.13265110325597,34.466125142409005,0.6126743151338898,56.60989957629918
23.89029622454142,37.851058265537134,4.143189390738902,57.65872457549676
34.54114699985034,51.1998815979359,1.6990979837358255,20.268413265447006
31.75798225315382,35.32881087985449,4.928014186276392,40.520384304788834
20.061309602564968,40.14337138201351,8.718979219109565,49.30309578228777
20.08340517349108,40.45823572888369,2.2792138995995126,33.52186929401806
36.27859065687023,54.53756616198592,3.030850759450554,72.62220290585668
31.53979414772847,65.66539807975428,6.021817777501692,81.33002873840077
20.654038780882555,39.96465559356091,1.3922336747508657,25.81896003936746
26.31625051394441,55.066594682498504,2.8394248304485514,37.64736710584394
33.75742124242611,31.07386718484947,4.018206044000435,82.17527459614338
20.145431204082044,58.72035335987073,9.79721673086071,13.854255602015032
31.20741377605692,58.265330832758785,7.39474697833153,30.766541897683478
25.33959907342117,41.410687568659355,0.09569597125476892,30.195499100578612
23.818233112919344,62.48535119911741,4.444825105248795,25.44015030822374
33.4852793502732,63.99826879352866,2.166904944485978,91.11762431265554
28.10310002227589,35.35874555387183,7.133595665980659,43.59680927470339
20.632513405027172,45.94335590656809,7.904076106506488,41.77090517276079
25.778309150691282,78.34917628434171,5.2193871484001395,23.38146237979959
20.35167627665565,63.054192984503494,5.205470748099276,46.27867870938057
35.38560462552361,35.139561771897135,9.876533388726305,49.43349028465583
34.243980128789474,40.614582715492446,1.5477647141486228,96.03677993879519
28.838572201916726,77.87394109423896,3.3634780506462114,41.735264432697164
27.516913450754593,42.51277086761753,2.6493130212013494,63.27096069365581
28.865142352080277,42.8790346013936,6.8655254575056635,46.12867265944062
35.968654995860746,73.84570798070715,7.9588607824346,52.37119430027524
27.43824915964191,65.48224675402217,8.896242749644648,78.29965464021004
28.27505555793415,44.66630987926573,6.21668348613361,82.74532271241995
31.452978834811834,62.24055174163583,3.2800058351840757,51.65647950313218
30.79440387051099,48.18823741436837,7.719504207946532,54.91389697548276
31.021226621010758,45.28919019106912,0.3082759488925124,80.48442753613357
28.42421585972204,56.80102987134287,0.28073691611789076,30.95082646564476
24.544256084721706,60.95750625129807,1.0969354182343216,25.051876664224366
37.52712692701718,37.05762107995562,8.392921617465806,86.74087133409095
24.055130656553867,37.85652745394644,4.925157849076262,12.76386153143236
37.70566917558867,43.94092982287691,6.540402621468678,25.345820021669706
21.263907068751713,44.30492013367155,9.778028798528801,43.675641260719345
25.057446857832893,50.65838099681515,1.2573782072001027,26.165523598281247
28.961320744386132,69.07672515005137,8.663653298529885,64.03560824608604
22.597088258947934,52.39415911190231,3.9937058680010495,41.417980366150246
24.292469683353055,49.25713960930504,3.4491010272607934,23.231338357101997
27.752558014624594,68.03226014822272,9.170246882954599,52.13643822017189
21.236134351619484,66.06853315024321,8.946897052226406,96.64478831125693
38.26443922217817,49.48327431876724,8.48961401810164,47.01761245248485
24.345341173949976,57.50172968009086,2.4003999525239452,59.92247054630326
36.5777375672252,77.79015003943776,7.8007305008943835,31.74140656760098
30.194408976349393,70.20116067455557,3.2468459162787386,91.02965720473776
33.98843588302857,57.802723803585934,4.285982662950286,23.23912762878298
36.045193959716016,73.51569121484054,2.2247128018833084,20.944111473372196
22.44497286591107,45.88764935147195,7.886389046013892,61.19704060119314
34.686528635404116,49.43115408923551,4.2981779228072075,18.63011176670931
33.88779848137314,42.355823476315045,4.4453397633872305,38.808425270251114
30.7061554441392,63.98684880108617,7.258737745010972,47.22116653884162
23.215472053952663,68.05055101850161,4.7265334906241305,16.396686985598002
23.043460133097632,34.4562115798251,3.3015112693821926,70.71772836517533
22.476346248775865,43.228736401662196,1.4396661838504254,98.07887145839466
20.34942758115581,35.27780288622823,5.828802812906834,13.779923055269617
28.04765614473535,69.2161762929336,8.751160047887774,94.92324507225476
36.927106330317145,32.998972873120366,0.5100389574687969,19.954531706270895
32.27978785539783,53.47056147741037,2.0554650665892082,58.282056075722885
25.667260624147012,73.18706823520297,3.967561588317803,33.65048941862235
20.717362481658988,76.08133204463938,8.904256617588729,20.81140985427792
27.113057155268184,51.99836659699808,9.896913057954855,36.094173929184336
32.9903720971938,59.73099174817592,4.150550152990702,62.809981507858
30.59941406850658,63.69699264203427,6.710894140393578,99.96202790113432
32.14075928384278,66.96148453148365,5.080042420136274,76.23432334822859
38.31929737525347,35.32829221995808,1.7916665636876117,94.00252798256679
35.612134445382075,32.58390937232178,5.950630547782939,80.88349388006048
24.733085889543112,47.95650784613328,6.444881295492424,37.84910143499731
23.69027023916115,66.39462729645875,0.18885729288964148,51.521718077572366
38.83190409971898,43.04497208210379,3.639713436338976,47.666310688951
22.63092078101606,35.36700632178561,2.0058432831060835,63.27801709830786
37.304468191037174,63.823366439175615,9.9353752230581,38.00361362368224
21.105646004352757,46.02328211043083,7.57942860167212,73.17423092345993
35.672824493167695,71.81141525634533,1.9316638534270014,28.609637519764426
21.163502515219108,53.75128311803651,5.041325349192121,61.00152041324078
38.42541447730865,51.117419313689226,5.016492916375141,21.81845877624151
38.51209129917366,75.15451615230334,0.5102901342125732,79.27632080679784
30.781945335946542,77.33538790185904,7.983821654138507,84.46050464962809
39.09249293953444,63.80799324845914,1.5649114585455093,17.6025664493244
23.306596623560274,59.969952679350996,4.0817789188108655,87.98458757688196
21.278369576385504,74.08420035773555,8.767668467390337,36.07120435563985
20.794259359378703,39.149597949120206,5.556221644021396,10.268336554713756
39.85513836712356,66.67487246794136,5.944898631496009,71.90611542595548
20.47315004981025,33.51123104096553,0.5241251979704076,87.74636371280504
33.43045540623942,61.28293719046003,7.360785531813654,32.967961510296355
32.84191212866897,52.62076823021532,4.9482611697398085,74.32760601419096
28.64675185708028,76.48389163582686,0.367933755960973,12.085640245210179
30.133441313246774,68.36845922661045,1.7185993967132551,49.912777130947134
25.458272646893853,71.32808269373547,9.73988582744471,97.43374637389277
25.828619885157977,59.136419745903,7.383341109712493,42.51037124610311
26.381912833464042,47.3711556535284,3.252271682052794,59.16015283812876
37.035855454721826,68.91935616379273,6.817264884820374,43.18239647503338
36.10784677510256,60.67780060088532,9.632295837937914,54.54145326691617
32.92571527806501,74.92821468620988,1.3247872361471258,47.076510971641156
30.187750901357866,59.10806818380456,0.9628568256726844,75.82876270011366
38.39005627925867,69.84497377017743,1.0513800149986097,19.256545460839323
33.95048151262501,71.17403936913288,9.211183840299178,87.68190951099132
39.53965814630868,38.21218717697571,1.9777976395104924,45.97130760650753
34.14634386824332,38.374600827928646,4.226256136724103,86.61352547741055
23.52535074134675,76.70878564987173,4.56910394518853,59.00848723063945
26.874738551590678,50.28987287344842,2.626019018171725,66.3916226697022
27.36325593074037,66.3099607173962,9.520813239237906,32.901700952242535
38.37241387479056,66.87223909285032,9.790879339770104,42.777889252787396
29.030019051401545,79.8964750459046,7.988791456169739,36.58657075039376
25.59636758136906,38.394283795711345,2.6771015480682903,66.31836020491181
36.37805100916166,33.82129159394768,6.763818874911375,13.974768859132036
37.375037870217554,61.0964146758308,1.9762835262039313,99.50420036381311
35.4394725667955,70.74143933527773,6.133217360547832,84.78489945920178
24.959384559762665,70.06490527321077,1.8691066030162984,46.26919725031385
30.727397719206863,75.75884535753423,9.528387255385724,58.20891169412781
37.08441957124635,59.621729607504975,6.8704833213261125,45.750250040353734
31.66922885287267,53.240498566022254,2.888310845321497,26.080253400943807
30.429228910470023,65.28548435204175,8.029099212501105,37.33955117280087
39.89207169328907,70.96723867049093,3.831643017966022,17.280261430457323
38.48078922587658,48.23523648260588,4.222404354511253,15.427697175221585
31.015279414831237,34.064771326460324,2.8524803283847566,91.54754772633164
35.17134181002861,47.07491445006912,0.40537487235767,87.69414252199545
20.69371830969049,30.47617524581924,6.6774794326267735,66.38698245370884
33.685980919901816,47.46224655149909,5.388460238094441,29.276607093524643
37.369725088297116,53.25329547956375,8.34761151314307,58.981866206802195
23.366125271463083,41.08369639242024,6.294115811692979,58.64332848495932
23.25944769657617,69.74745992919827,9.686547867922956,48.30829972554081
39.388147170729,38.44500331905978,5.614753742409302,45.39909390200002
30.640787421487122,77.77898838352826,3.0551714929166893,42.065853971355466
34.9473760559206,66.70332226843506,2.49051148115221,38.27805861894883
34.48601183786922,47.23349502859022,0.007525584167501487,92.44613264086321
25.999271455192826,60.80113958429588,0.04363345583700884,24.842830453664945
25.126269955718968,39.94922137018963,2.54289373287191,53.72112962358326
29.2665095705767,49.04373989992362,3.9717168404133227,19.74321510256887
35.02814998930836,77.02696415358928,6.844613977014854,81.34954277530134
31.330762833101318,48.012846814612715,1.3286629190680566,58.2573467523039
24.50513624792493,37.856532351989266,0.5091606177130548,56.258448805395204
29.337130010327897,74.39504616792829,5.47546038460095,55.6449876178338
29.455962483418062,71.14619838471515,9.875009146725361,38.93494412235374
28.33476645072058,47.5447467387178,5.856802019061263,23.34774374742461
38.46233731352231,50.11258492654814,3.923881840395839,18.81560743271992
27.45239902257443,59.67629979627604,3.0895415081056776,70.09673819816817
27.210496417146402,53.383528755147736,9.89166049945824,78.97131951063129
24.389375213725117,79.94111051518678,7.241512176647557,25.221686556706242
33.31562736202767,48.528438682553215,0.03987037369122093,23.390500616925536
36.658617022938955,61.37479771804267,3.709175132018685,15.227038425898943
35.72821974093217,60.75317570952978,8.99439493099888,54.660934804263526
37.656527075954216,56.13267238183165,4.393798495049564,57.08714738241367
35.767351612535165,76.82436355997692,5.825011476331428,93.4510095722478
25.554920678093886,73.17809633146418,5.250828731387785,48.08685426249383
29.20616492332972,33.61983556509342,8.785110032280123,50.5287387707326
33.30192248553838,59.645528385546854,1.7233733544130558,26.091528476239
34.191649332327955,64.09694692494628,3.6761854510599887,80.02853893095765
36.49162636151495,41.92890102607173,3.2064882946049647,82.51594870148125
29.850330309869797,32.82386852446373,5.8743414408660355,79.11878918506139
35.11661684320992,45.824582871528015,9.264930152049493,33.03575988983932
36.468827930083194,49.66719665024915,0.7877533117652125,58.51359019787235
24.26635473678214,40.82180165752079,5.80079020719296,83.58282644259349
39.90890487339739,57.801291703909136,7.607227924117954,21.901997290632814
31.453835462027115,63.25873405883453,7.904590183369535,98.48763637126036
34.747707992266584,42.85373782843228,8.716660597029863,16.06591433052568
35.22111463658052,64.0777831540982,3.463682992257672,22.869548260936515
26.6653767528547,77.16956497287762,8.791351951012038,59.80970901340571
34.08109347789668,46.026782234722425,8.791936018480724,70.90671809233629
24.50735931323944,34.98685713981959,4.590590153607775,25.801057886876592
30.21146857333653,37.604382743450536,2.557248669493244,45.957957070930135
23.8263217984727,66.44550781448042,3.515439561981266,50.15005977849196
39.711043514942546,60.49280853977467,7.736353254719226,28.158144653695775
33.271071447653945,49.57629450348345,2.6334173110418435,73.62263450662314
25.899248592863273,34.87857837476855,1.2106942043062052,56.24904396750986
25.250148958228102,78.52359053453381,3.057665863940562,34.50146656094515
32.81852181932264,68.3447831824426,7.019934202824919,18.434173309112666
39.49565532303798,37.024596566863906,3.4637234832762207,39.49531218372279
35.644132283178735,74.91663106051323,9.578999023141296,25.393563845215642
23.33169765678989,62.44704189587539,8.299293672151268,42.88176532780578
35.94591170759518,36.768087623860445,5.737843063003673,44.83494434903576
24.13495819232474,31.26347387940104,7.173153776864333,93.3502085924554
30.339175075662673,59.24441510038535,9.746214460263413,29.206553951672785
32.668328776657575,44.53677197981486,9.21632823013329,26.680686330986585
32.214499576293875,55.432334750272375,6.30448911311166,91.43223587637074
34.324526642898526,71.05976229301478,5.932039320797222,99.995290918121
28.46708380491827,76.24971784309612,8.74685501106436,72.8435166945973
24.45788587129651,68.75923936346595,4.89064504395388,79.14578586669819
30.77475388012827,39.768135142301155,2.9032105611468695,95.18351183086511
35.743396242651784,43.9071278745065,5.277666700042461,81.88359865887493
21.798028088622544,47.56475935286428,4.079702516918886,17.789589128747263
33.53839955048696,44.38517553824889,1.3439154664885566,85.87333690685733
25.398349588549134,75.61407815566858,0.10603711214658085,35.161538473021196
27.153778461749553,50.361787332313796,9.956123515982528,14.555656813824774
30.392878907654826,78.66039793187139,4.825559043826596,82.06191281650766
29.580469409568096,68.65167370749327,4.391516716173266,65.72044830667932
30.65642000312879,58.427274739014024,4.763770085961769,61.674669449093145
32.172384353947194,65.6185665214828,2.362132775894538,46.08069177572583
24.63622977919855,30.12525099169953,1.541670680854701,50.11860434231773
33.59844842956594,72.02338820133718,9.22383767588634,91.13772608601248
22.77224173386571,58.54443645016059,1.872771278155776,94.13345454678826
36.038063159764796,55.45150482878539,9.321319349598063,87.8357949189016
22.550289163497776,55.878287643159204,0.15025054279386052,16.547800273986574
27.21770651468964,62.44336177439887,6.514004262642476,64.29434572894534
39.833441311292596,52.18637243233835,1.2092263938280656,89.54871364386658
36.61049612909766,55.14011126066144,7.674084107171887,39.60564927400566
31.32458882506961,77.74194249771725,2.9941375719090093,82.44449707090163
31.14000900010016,52.82940794002306,7.0185815833076255,99.77889209067291
28.91554229567351,42.248618746477035,0.8475308238997015,85.53575483393571
27.77526813518953,63.12378295595108,6.558793831334824,70.50035282481628
37.189380584560375,69.78375698825265,9.128518103485096,39.365451029117445
20.48651459423856,41.370740951050095,8.535660159349852,53.204223801467556
32.404823749267365,44.266667254809995,3.9920529656307426,21.60559008221029
25.24203279595462,65.45646615630825,1.3236405913789762,20.953806530631574
21.1734778928217,53.43950483716279,2.768706039033426,30.828616200405648
24.172490897806348,48.12367573944805,9.391864828376828,16.402433007307813
35.15355422229151,79.41894931574086,5.7352821428020775,40.36105441157051
27.51426436541083,73.03776509648662,3.1560226517755585,98.92649383493706
35.74584954321587,72.09921692984048,2.549836377639021,54.20171840728661
38.33815431157453,38.51901767265513,0.4837988027888407,78.57952161049376
33.57982875206956,36.94962917734881,3.0393876258386,18.602941264787262
25.585876318391747,36.310314614372444,8.123271326544646,29.373995087951066
34.095494823101035,78.41324132763503,2.7068056863241905,69.5383686099848
28.664127342757677,76.16074900446374,6.147718667892672,11.922138176748884
24.272294513039483,36.68988263503533,8.15469889684155,73.18300885407737
27.827299846808945,78.39534382144754,5.693697122469854,19.19875167282241
33.327034604026565,64.1662519068353,2.1105117228187864,80.94665337873819
22.104588156092838,74.46291839533576,4.2067003275251125,96.54584435635229
34.79504669984679,58.16545513052067,9.941576644385421,80.1309404536391
32.1334865691216,42.258238475149454,0.205026665828818,67.1500928801181
37.10037239319635,41.14556591774047,1.977953622625156,63.57731389356179
20.19877210150274,60.41215570639275,3.2358577394501387,56.97383365387426
34.92654894706483,76.52518286772886,9.995388803664616,41.91272914133327
36.69724086659012,46.31905705073291,5.754590503832247,14.112249203817093
31.52102117151842,60.637115931633296,9.03690968775656,63.36460889290544
38.572030406957666,69.33374644062846,2.9106652252944487,24.27851757721286
26.778247573152242,76.42107577802734,9.022936284058936,20.398062297892437
27.626258844563672,78.5401904088099,3.4827322550262743,85.8536729125688
31.810704118321972,70.42322957566428,4.687999856379222,27.86695013109303
22.147231336857622,66.47085231012173,3.1992834110828348,12.191187720752257
34.21693067903101,55.77100276691408,2.4614967527177214,63.34289066070598
38.34607026641481,44.90560195278982,3.639355767106162,71.6495862548064
31.071226278052784,64.06890116626137,1.5163832885132056,59.198631366134705
26.04808781286667,71.63962286084902,2.2262486192847755,68.57644729917115
31.642069005297415,45.4624381283048,2.4188548105178453,73.59477414518032
33.66121027456555,75.66018570973287,3.896321071151924,35.84191724250698
29.965466683838976,57.135749917151585,5.567465041625486,80.85664632336548
27.346502431887046,38.16133377011638,9.820486362517828,98.49239589377514
24.096527304715508,45.59557636003272,6.120086181805795,62.181728224483486
21.84949713237488,44.843868979773646,7.757929042697757,63.75923858319859
22.26578877053531,55.11481663471511,0.4210883982616176,93.12766554698894
38.54656557947429,77.42708952665828,6.206827995430531,25.25373187766145
31.439265451275382,71.89479840308874,3.7886058852329474,28.868786022010216
37.60589833127212,37.543968958842356,0.9341595074263132,15.954183137532556
37.51575991642089,38.2216247871703,7.052017506832814,72.80799576246969
36.86848475689795,31.35360825386895,3.3880523641613647,50.13870806744916
27.92125950414973,66.59857672169123,9.623325464397682,36.611448527173714
30.373086373658346,34.88623026601515,8.308672218837302,27.7552751387378
32.2139760770947,71.19444118129225,9.916076581692337,78.07919764812132
34.2149266368604,71.25155095202976,6.121401877772619,73.63273996513709
22.24610974307058,41.36737402210472,3.0892092339925825,69.4213181751712
39.88137137310665,45.648113463596125,3.0940798488417967,98.908686324015
34.415062994293166,31.719064842982842,3.8404926022844297,39.705845517796575
25.00999557191295,61.521396196849565,1.9523042508726984,29.685794862997366
39.66692190578017,48.40918931290908,4.933291233268614,80.36051479636222
28.59399590349969,49.02820155280497,7.601271590933651,93.83933359963848
30.610048784709097,64.75997456963412,4.19134035470573,16.278292756487403
35.803570724378744,43.92361290132523,9.835033947209823,73.43791349419759
36.384786168079465,30.75363389408051,1.6803817157796985,53.10750059537428
38.64932625996889,54.952947527909004,9.395700299009995,25.557347441640708
38.849947257540904,43.902573607214606,9.462026936664047,48.79219527055575
20.477226657478784,61.42940304508626,8.113348204555122,44.661608499183735
32.88530522613105,49.005298792932386,6.586674724918623,54.86956554755419
32.20434067141264,31.377527746598528,4.247660314374151,50.164810085595036
28.00251860872096,74.36196304911996,3.9092173088447346,76.84881428349055
38.51090866326712,60.66841021081298,5.783895065847714,39.66353104297605
21.738501339452267,57.05873017246272,2.930649336369864,59.68287276895474
35.555363214889965,66.16545418604844,0.26568846188475215,85.58991256031922
30.17854246341651,77.93126196291438,1.886077675148844,51.95042424346709
32.56472461849067,71.29636122094688,5.025444044746524,62.11974546538902
31.423430318779097,35.92324328023581,1.5340155689306822,22.192675050800194
20.216156135758542,43.490213277607126,9.712874922126051,55.607102767607145
39.8434257405891,74.2955747341453,2.9449873957563755,45.23010452034923
21.15933729534554,49.603310005029314,5.044921818449726,93.6240570644546
26.919186322953205,71.50565805769321,0.00800395004316723,76.40272119790536
36.694246367010365,61.743369511449345,9.092533801089587,18.909076869324217
31.463646396754292,34.132656673067515,9.329351794658672,35.518303271157365
23.98358833213806,37.312416458254866,3.659223716428197,41.97812893525964
26.750208080257906,51.36341766422272,6.749941965979957,17.1959532399092
32.03120098865245,53.61400515558303,9.068830851955742,39.6779679464492
38.31846742617425,37.544800227401524,8.467400088076095,50.02302293645502
24.803577823779037,31.095402235511727,1.2640932926297233,41.40303566856682
24.71277597907408,32.72489504568588,9.40236366073735,46.984443097608
20.873396765876503,50.18355191313925,2.283944241099136,66.0974236875536
38.08474621660975,54.49122302412195,6.947453002244057,78.5111660004997
34.62559885261409,36.00485080137589,2.5094422651743296,29.18693056752366
38.49188597840728,67.99900976711989,6.855163598752054,14.476767561549766
28.286389934629344,65.93643830633658,4.697229199483102,85.33917609351545
29.240574376231514,50.88884190398864,6.935851809022006,21.468602858641987
25.145376352223842,50.21497457758932,4.000952837873058,49.82139873119273
24.391925687585527,79.58513224351073,4.948202034216881,52.25124675389967
25.06243192386609,53.22865315171333,6.9606908909518515,48.86764547344941
23.14306110712683,57.16289479329763,0.06734146494356663,64.31721724279585
22.969129658100577,61.70566083174438,5.478830984840125,68.0238785970852
24.929352767803092,34.893761254891,9.025131871539054,34.93093449275633
20.822691559844948,71.42195418173144,3.46993838660444,43.248055992032626
28.988644759434138,67.38461072362045,5.547541547188917,84.72050165538992
30.844209047846945,75.48261084826302,1.8393602041007662,31.975617043789153
23.99041046303691,71.41324495623688,7.065510969350194,56.60019769621652
27.32943277134731,61.012031253087756,1.34278769474949,76.276602587446
32.35238054288823,49.11594837085801,4.532634714412001,48.076464005841615
37.263805463528584,53.79024755492648,8.586477223506014,10.618547521995275
36.93968099475002,74.7151729277878,5.204453823878095,49.110191855507956
39.48501565992993,65.61838711971495,6.469579668648281,61.34939679531757
30.067743054203287,59.93521943834576,2.7425310491045476,89.87337079191641
28.053407737116046,63.79581975316685,1.7350741837468153,59.10731971093229
34.61772833564278,65.51481776631393,9.572725481957653,56.15472631679713
38.515377538929,67.54078306888329,5.045484943174065,40.38063935943402
22.093305665505937,39.17819964454404,1.9455278339959048,64.68044186172993
38.3027944195462,51.681057649696484,9.015747825947491,43.14208342869191
37.740530385676436,62.083249963292246,1.3595821066415192,21.084921001892212
31.80895006328033,61.60594512162306,0.2240341969910753,38.93531017332022
28.47234003545763,67.84790206370499,1.6759511156059326,93.87567467343017
33.81314077988442,67.33905788104173,0.49278921693068245,72.50576819372043
23.51826439960115,46.474031756789245,3.0874214915093012,23.774037260110426
27.14596567124549,62.05753904076327,9.890625648514614,43.16752446353233
33.72104350954399,58.77798058197989,3.5919873636599653,79.24461683835088
35.69344989441408,38.098565405198556,7.526460117320318,10.076333264762194
38.3420043098877,36.450790257396136,5.485452513786944,26.413888581166407
36.691110825585184,32.673768774851425,3.7988919872017513,57.306677339875606
38.85874473382671,59.712922181737746,0.003965930714294741,81.20131784340015
24.092785383342378,75.36020226761258,9.937771972349635,67.23044607501546
30.401257227574213,31.195264677360754,5.955419465722062,16.974841946677763
35.533747100008654,45.64803110092936,5.795133534710643,70.74999637251928
20.59281605598219,55.77158000389322,5.471475734938003,73.07276370649546
27.37411730536259,42.635490603821516,2.895945583912881,73.39648606189978
29.238531934079703,70.61491939032058,3.3398277114759356,18.342003526760088
23.61457096469186,42.44869893296235,3.7948234620488153,42.7875110523113
30.073745945165257,65.77730446255276,0.8372623433723636,20.29683901815156
22.648331158024796,43.89165539575829,6.594937840194811,60.05719825997508
27.24016765860624,44.15974785340406,1.9540533849060915,89.49761571844911
38.59652130717144,79.94971818331793,2.3280847642899083,41.02792401514078
22.800563228649228,49.20425699685569,9.107901062392243,32.91944781992863
35.945370428898684,55.120171231444345,8.710650554826925,20.29665872607826
20.412626674640183,37.66157235386065,9.75282244048927,79.26241381430701
38.24927248658888,44.78096793811788,6.334231744899029,12.742232779897206
37.39772707386125,33.82317845980845,7.998493650112025,77.10412237313633
32.5397093556341,52.06894154236832,0.6119456012868019,44.39881211904868
32.65234617350306,79.45914282130946,6.7268239197498065,46.93565693785505
24.237054960932323,39.57608637102566,9.865762365771559,20.49475179492213
37.83887545941106,62.99373473687973,5.673206894267277,23.18519782902367
35.79304866297093,50.04647317227509,8.454482901072598,15.6962163655901
20.403724478022305,32.98017874104799,9.921949702203186,18.086083301619098
28.12801682158087,79.15236621955927,0.9011808651444708,26.93495861768276
30.025977516724076,63.60860308675648,1.5138529343972729,35.1455290375424
32.597811929336956,65.4642317341665,6.067285705137028,79.85830118236414
35.714258814152124,68.14274551470464,1.8955062606226503,61.72673940849417
25.741413946029297,77.99657519947499,3.5340653788532315,71.97321476707256
20.636206299131587,67.60610104455,2.6991285046318305,99.22825023043393
25.310161694145314,67.44916036067866,3.087539958508044,86.59667744026503
25.65862595474454,71.17048828769688,6.310125415650304,98.88412555581752
21.096497329962883,60.38922077127664,4.465716722161311,55.385283044083714
23.65375836624412,38.21076921015121,5.907846075879336,62.83508421771935
36.676163876132335,65.89064050575071,0.9685060820375635,30.166088223760504
38.80616345525022,46.954710642925754,4.416805472405954,51.05616491080561
35.77747964087092,68.76554456895974,2.004316814107127,29.67607389912022
24.463916072442125,32.724909294629455,1.054223714468172,78.88381596959348
24.35134521621228,75.39362732965449,2.9311813701798806,26.50575007395562
39.56774516205155,54.77977833553549,3.9358478909194994,53.58257847513428
25.055346330861127,72.83557024395049,5.263482737031059,75.97713729172342
34.61564796519157,33.246920692609066,7.764751105228091,21.79251349801716
38.31804191832441,35.70190850327448,8.751839077940907,23.885857062887375
20.426368874949382,50.4165024560373,6.908971752477658,35.62757379848614
26.373011847955567,61.58814642023623,7.061564446642973,26.120430532970733
30.807670921521794,51.252953671402054,4.861184225868135,15.917986887915243
24.939730441735094,69.6121326192085,7.411308454934763,38.42233964196543
31.507478491711783,77.1488577668228,4.0942650372018266,94.19971026770928
31.364513689736594,75.28211899484842,9.907375835724906,13.338231871837685
39.319553147522576,64.82880343370678,8.977024892225133,61.591259607329064
31.6939770966945,56.77158701011622,5.5274982651284335,48.51105354070979
22.285399222841527,57.724364521810706,5.416051835873947,53.21532858891331
39.05224580610913,42.17064211261701,3.886073879000027,51.890806288238515
35.792872536239926,66.27545379825169,2.8340807378232524,49.98518628102018
21.68227834905509,34.70045038157211,6.853099349840007,33.00003577721959
39.47617841772943,64.6021372721285,1.2552530956144325,17.145303227058317
32.30113008792972,68.59105317688304,7.235078918656795,58.73520023050482
23.039342217877255,30.024382812479544,5.324691116510017,22.536548380296704
33.82018517420798,75.5655329341948,8.885997991744548,81.43993325554872
27.478179232403946,37.44792106122868,5.8421018430366125,36.98970134813599
32.74553772991021,60.40582523588465,1.0448077667278466,36.46171601583599
24.764752589583352,64.37307747620795,2.544692099450614,37.57497737208281
27.812553431589645,54.60156686322676,9.686615964137898,89.69616458610636
39.87635222569011,44.313276777579674,6.8019604704080505,76.96628629733132
25.14498440426224,77.12801229530946,0.11631760829199811,76.39689488366805
21.058960057357965,75.3931140528414,7.844723153122148,14.854646830360299
32.90586203859899,70.68979369347629,9.851356602192872,14.62662252082438
24.810462613037267,54.8509421220676,5.115144498450298,25.302209865635206
27.014061997761495,54.51914088636722,2.7391435935103248,94.60685846412821
39.028996742752,62.2696233596617,2.365123692688027,56.03168683164128
35.00646877640772,60.56696503158468,4.368102313609863,41.32523524890816
32.96000170296306,40.24081393890005,7.194954341756642,24.688248360625394
33.61579709986576,51.33048940194844,4.6723604726120485,33.637515499133436
38.08003073245578,30.088643745352506,7.2331979025377535,39.19980803757789
39.11179171366776,58.987686976561044,7.19257463917873,96.26636329496523
25.00597923328424,59.88994435371285,6.349841412474352,42.49007878502922
35.9773478431575,72.11917506660478,2.3212283491873418,87.12020518445948
22.49273208371129,73.03754278856506,9.310298786678914,49.84470933922739
34.640930324633274,42.3690700754507,9.675208780826809,67.91720980816615
23.298621181939637,57.31536254281143,3.9133375364723055,21.082246525819848
38.19970408636145,75.65426421191651,9.173962768369748,52.8005518153863
37.377549153469374,53.00915668531615,9.8986060716138,29.297642143538873
39.753800694252874,55.560128708867566,5.734482828139651,50.29386489488466
21.028489825951965,77.25743368424347,4.1412755914974255,30.56376835176779
30.1024966227454,35.18657868890389,1.8338273704228458,83.11694137165752
20.62069692123699,65.69829657549556,1.2382485505845375,75.55954799959413
26.110102823475938,76.33328159481428,0.7219523228148139,70.91887449418289
39.234370402935255,52.8643024391515,9.273504014196186,76.47547333034015
36.82968678192712,33.37207844894473,7.2270488224707465,55.74361517140878
29.559078139429133,79.80601494420658,4.185517440476093,38.25844847515122
35.60468112564036,51.628668051454696,2.0131958431054295,83.78290510189582
24.285706984569483,36.100017637527486,2.795995710598894,66.80752440049694
36.52945661029654,64.36910451329268,8.195574231217856,17.506568142684202
31.838116194508704,68.35917218378682,5.9061017786668515,48.14479284717507
31.416696748137106,69.60629236081805,5.830411719254807,91.72588455226168
20.91126294657331,55.942353752457095,1.2583771523086384,81.5930382609607
24.394293292539366,65.74332798464371,9.477688924334304,17.745638300346407
29.61183690022968,36.343516524782615,6.835470859180405,22.49698704104159
35.737532679631656,54.984262423998445,6.405682030048391,76.27410727968228
35.86441072621968,46.8421174033501,2.7045233419055514,79.23969605475732
24.46316860407529,57.59376886880955,7.907659560938801,23.35245565091323
33.52315840426772,40.500846404834256,0.27319822974040453,12.023151148564738
35.05629236039789,75.31181990369541,8.059540136170476,51.73629330306204
33.38903315941723,62.88359854773746,0.7677901247580454,61.566483363103146
38.255262243171245,78.02882343384779,3.168678580961055,51.1360317953397
27.218442879847444,70.44075612330158,7.7330223043313095,15.704066454711691
26.87303100781001,33.04538887502267,6.755920203838696,79.82154203543283
29.910700192276646,30.894947548701925,5.821124732241156,32.6268925978587
29.913408314786555,79.73020111533138,2.085680960141457,66.88006060535707
20.73705109142828,54.733477761077566,4.202496089423349,38.656778468547316
38.53137889874759,66.4524123914082,2.195203199932554,46.11236006331299
21.948275104472902,32.244739218408505,5.436936063872963,80.01425315132482
23.097713598551223,44.49803809256551,8.999752298897176,43.07105575187378
39.59023868108727,45.40866954891099,4.2127962052620855,57.66718864053811
34.004592211716144,69.1997692004054,2.9210515554957848,16.113416421646157
30.194163747811928,73.10998204208286,8.422593071841488,85.49961418369548
25.635079742901386,76.37601809581747,4.192062437474748,61.61891683482777
39.17235516599624,38.11064411538081,7.107274530133174,74.34052305626196
23.483805654253814,59.81441904461405,0.7552779454417635,66.20041602361437
39.95978452191907,57.82309352788338,6.61858561750575,23.038089792052066
33.739267649700835,38.627792388884956,6.654706852838743,78.01637153963364
21.79030635963214,63.65153410185481,6.765865683776129,63.42569150915162
38.437675886936674,44.05686871164889,3.875940879430395,52.11418532680996
28.721758587127667,75.99468261462745,4.696701125659283,16.0303059544973
23.49993657826651,70.51384597456892,3.6932507348553067,36.04917678174249
25.171039212335387,67.88853013142989,0.19382269524075402,97.32797177648574
35.14452521229549,34.798705128244116,3.0717230004109886,89.04155297933107
35.546083371960535,65.73824324681911,1.9039314773453864,37.646483686029384
37.27559448569491,54.39722832828157,8.907625337184928,70.98006325782868
24.07005179224587,74.48571748699956,1.3621879132650394,32.07613357578752
35.524836498112684,75.12685246408189,1.6652949928000949,48.254641534837944
25.043289394870612,53.09559749791481,7.735707778956975,58.613781314737196
38.57518042189229,77.55084506442495,2.893177170449275,10.656470197291014
31.615998959021177,44.84791917612367,0.8760452627038384,30.353876175090033
26.745616289006215,41.34048210627839,8.583886261296081,43.88083969485361
26.601131413078253,79.1483491669004,8.924978083067838,24.000713012679377
37.40497083449101,43.756085185682025,8.686878335972635,41.98764187575668
21.57417790728269,40.83927003553019,1.3020391471491188,68.20684546936069
20.063162520320034,43.45478984157779,2.733605218446317,69.32280603642461
30.06856536275421,78.36206585131183,1.1086946898313954,86.81031503114147
34.389116611197366,39.217124505702266,5.718521968337238,86.53254886884025
27.330496575935868,49.113716522755894,4.251899163233265,75.19391778385392
21.49452740167353,62.690129518049204,8.763399369125395,38.404270254762025
24.805408625820245,48.69278023508372,7.9857083944143685,10.919223117086311
25.611664906064323,74.99399384340143,7.781378022223324,99.50707686398636
31.255919146605475,71.30304410501378,9.810986078737121,11.259994329454468
31.64641694249245,33.49752270484047,3.2860195404417594,82.0050640186191
27.21722128283224,51.907902848736356,6.8479717145123224,28.182919118445252
31.804363775075707,61.68695163469847,4.71072778863749,76.93242486357197
23.904239504815507,41.279654333001986,4.036488636738234,80.08369572854089
35.531869273290255,61.734004514586324,5.595583756644849,70.96725819783919
27.73927840861269,40.451372512124195,1.6842686605899115,13.186834271267438
22.641739559401703,35.560327196593015,4.716256374158455,53.985235235177605
26.11360014972417,76.46882259921327,9.084374272016886,99.0162542493513
23.115005753249942,73.09349195434248,5.8645149786704565,41.799928621601836
23.203678753676122,34.86543291174997,3.462624997630087,85.24138702333357
20.196084977289182,67.71665078265968,4.196984486312147,45.62955750425437
39.04172396623569,72.06613803646765,8.489317017486655,10.39293906905195
36.98505868553061,54.62857398270653,8.688475191056694,17.56639409270934
31.62001934697773,60.16815881358393,9.354055137354935,94.71168492573997
38.71605465374924,77.7869116509797,8.364108551649664,86.4552375313599
21.84227542338863,32.23805625826177,1.6997294847802924,81.05034437925204
32.390276412279334,62.89271523274758,4.805261845068031,45.74061100809787
37.76421831415926,63.271352479317414,5.254854588072525,73.51167585661743
22.795842764071903,45.086910876115184,6.933731664607947,64.55349666201256
35.59573802171986,43.626868919861586,8.186338504313241,92.49060459381113
38.52618511444575,30.24036700412441,2.1637292592643576,57.509252702900866
30.21780041385965,63.78864935661506,3.0570350887282904,77.00788614304481
20.461577855101844,54.56028504386627,6.923109313100786,59.95047975310415
25.513332258121796,37.79272630109598,2.887117091828574,99.27845658220647
24.692762020444903,47.47104447588611,4.686703917504113,26.87181516222044
28.85926444619961,62.480179749624924,1.3956812164482346,19.94901860621586
25.707322792828247,42.05784228374371,8.434295326242124,21.34272435093276
33.43096347178207,42.50475517729567,7.287032460774146,50.7303898120187
36.32988033487794,68.374407648019,1.1998527061477005,33.296518517749945
35.540948226555294,73.575025218015,0.4777641356473361,70.65681643242152
34.75864556928204,50.09335579983444,7.610103036967963,44.56109697927566
30.306389373402705,55.487763874363736,4.122333949364129,37.169600144854115
24.8579124121896,62.63264548806245,0.13771282705042798,23.826570685437318
39.20010197348573,61.70212909211071,1.264054582581955,18.978898500671527
36.41705075597808,69.15170024877642,0.034920897787303895,60.897002914633816
25.50303563295731,53.48611377966542,2.306868507055176,16.66329126449302
37.02806264912851,33.50666490646828,8.175855819252947,68.24963142828037
22.939027495627723,63.07515204849234,1.3790914377302244,74.99835840948089
26.525360618792078,57.3701644688634,3.9740847923482114,61.637396352402575
25.766940162162527,32.62639831453058,3.2913034443959086,18.93348290179688
39.35633784981041,51.79989717762146,6.002517409509718,86.96711517858972
31.59950735277169,62.04104430615214,6.506986810947781,37.94364943224235
28.08401082051206,37.01105789380161,8.350299433810084,65.2393138128864
29.175986559815183,59.59422144254741,6.921272470143984,77.68220721117271
20.70708495194567,44.04922082123259,6.187174119840693,87.70912805066139
27.50487744608521,65.11086001677175,8.180077154128021,14.216147588477362
31.523019196913467,41.69283283313596,2.98400207405224,35.461839442424186
29.241605651201233,65.36342140268141,7.904838556058273,76.35961443455447
29.27860699212846,33.86264585467221,2.1003717564878177,94.88737597065368
31.303843372633025,52.510401855348626,1.9943952053448055,48.28515150281212
33.7313233979462,40.3174385366058,8.722894568420793,77.11059910976344
23.40749842796594,47.76610387419238,3.520766234110555,76.08331861434645
31.01996385865881,32.01714279850015,2.8107653562457404,12.307294943491895
30.901049183679245,66.16389974223574,7.817678333680637,44.524657842863355
35.68453728641697,68.58573292336965,8.081624217958321,66.72309903466535
35.93248740157459,56.14157540561203,1.6836956336870235,95.87382571060769
29.49828125356283,52.364741427901805,9.871515232219041,66.54886470207478
30.95659193508679,68.35381433790732,4.661901836321873,57.226897686082694
24.092085313456636,39.70073325684726,3.2013856059324652,32.906400548404775
25.129440407239375,41.60533384445814,7.772038919945037,14.736291575651185
36.421192411062385,77.22334876317679,2.244253131483769,25.201753136962367
23.970454227321138,74.63596149777212,9.096560112469904,51.40836970214902
32.37956603843074,54.02397407779034,2.6148829086339163,53.67333612881206
22.235202225445477,34.23227371396784,5.5045317556112625,73.16175931839217
26.768500377847147,55.154638786483176,5.598218807271673,30.434788356739784
23.91153133875792,44.87543044235959,4.1407537487924,25.03521179992886
37.34189967606862,56.10140939980006,0.4551620934574352,27.780760603822298
28.02697312077139,33.93470543353148,7.046774537987133,45.06215223640868
20.56802079668466,54.34209241336343,3.8470174364837497,41.07931735196165
25.265638504890553,38.15809219910888,8.09247819449791,15.880661743145001
37.72690463644628,42.48010403007183,3.418963959421043,75.67537894188565
30.991514492702713,73.0288776332302,9.642252379346125,37.18738196661776
38.90507313773611,46.999409846274915,3.307103400514111,50.23148218923466
36.10644449724305,55.92794835469679,4.979716953206585,99.17781725737089
26.523127778099177,46.66509865592056,9.161123125721746,45.504947960181084
29.060918133454045,42.986810755673694,9.763663899887971,85.81354342657278
32.920385657291675,55.14259649569049,4.768069092422068,71.3132268244384
20.70558323489409,70.01111124465575,3.701773611682142,71.80049092951691
39.92232236778586,70.26704386671437,8.075646660714963,57.515526589309665
22.60498075594675,72.79655544486536,3.768675782012382,56.15708832356251
30.270846567424968,67.76008965388641,8.87530743284453,87.36610766112683
32.878823512406676,66.86992903982204,0.20859790893180685,72.6052011074153
35.45425042726184,41.103184577760075,1.4312665525498347,30.293782832708477
30.51740314339239,63.484959436128925,5.871612573009923,81.88199262537543
28.445517965266333,79.3922166022078,2.9297251039519248,11.151256652668584
22.77052023800895,45.83180784076415,8.371943310622967,92.06575897909254
25.950180546377055,73.69488670447754,2.2271909383757746,67.66327662303028
21.029995244370877,72.5304376507521,7.4620085857487295,28.180435691779252
20.93660824595872,71.95230094779045,5.120500907327087,21.71754215009387
26.46115482713312,41.00631157053948,5.873194406743115,35.577641490508384
23.92291656610371,37.498195474713896,7.346906658411609,55.453777744805315
23.163049110015216,63.64687127402908,6.8592448869939835,36.61638572470159
35.376175355968456,41.486615205709825,9.602162807449076,87.61872209585356
29.338601573917465,71.39542890798569,6.371197170430607,33.726605149209334
36.30412691584337,63.00555056892486,4.080523001860601,77.53420684099069
30.9284395363526,62.35313193784491,3.8587313934997622,29.26765390598894
27.806490786582337,40.329780743789044,5.263311806668794,49.35916982691174
31.21647143982141,70.77309218395092,7.70699603059298,70.21479865083157
30.648063468274565,66.3229891646354,1.490280765888543,13.708801211802735
38.54294471169061,75.54277205052972,2.8124569600487135,75.53403373030181
25.64835406753615,52.35669122380605,8.41263395213091,13.253470348185846
37.49783766339778,52.802316300514505,4.025460100913464,17.554457926012844
29.994507574111417,66.87418142351981,3.516481907339999,62.64541674158596
29.694542589705556,59.978018360681915,8.621067079718783,51.61010623448889
21.358679966607713,49.903806175220396,9.80789339379566,85.58273056388286
21.31969323720632,65.55456670780849,1.3444739340351086,69.5314525381023
24.032139638902834,36.47080576791825,3.596144315597234,14.104916617284783
36.549024999019245,31.392221690076767,9.449051635556424,17.98484615602918
21.575364337943018,40.82245278283846,3.34128969160803,82.84760616859916
24.862493781714974,59.67716098629791,5.5429756840061355,35.716278026059314
36.74012261949652,50.067341557517295,8.835779163980789,58.37843440482513
20.779191698495932,41.912130046204524,7.226509134855319,38.69983304323504
38.598597511196786,51.65581349192894,0.03912812998795201,83.03682324230368
25.907397328293325,75.49123950623563,7.376278354648814,63.529653612496965
27.722018081367306,30.356027565324545,0.3096665223223338,51.60036381490608
21.585619076409543,56.86918199946189,5.786943666740482,47.978009126761634
25.39692669258535,61.96427419588412,7.578315226565033,86.00578248004223
20.3687258867716,34.23829564028299,2.722750338639619,87.79487731856086
23.582470237241676,58.98195603664995,0.8461119011642682,97.88231594375667
36.436301425862,78.94543976811408,8.854023232110283,40.12025021348923
20.18210976409004,65.3282015844209,8.533489982524344,25.9004159718954
32.76575978641843,47.6408404683029,6.006460906993195,65.0709469384631
34.138997537146736,63.417604202319836,7.458961229010571,66.03442570270458
39.841518515377466,64.91431747516788,1.665486899224009,34.144230204102996
24.85938938309993,44.080598084270186,4.153786579253654,68.9934584448562
39.04992322819585,72.85055181630284,5.434382990976267,39.976052551440354
20.42903256433522,67.44208799095563,1.0948972216199082,32.04520165838386
30.801466852811032,46.55301348029407,2.9225100626686373,95.0160563696704
35.763489226695256,60.47278912269701,5.45861792698466,79.22810300573236
31.407931847401052,53.32311930808358,2.5708010380582103,96.7858700227684
28.777689547140493,59.45361853859134,6.518860861456472,73.50938851585167
32.73526373252318,41.238816300231804,7.181143974645093,40.923865797464366
24.128895602421505,58.423691633494876,5.916800526405761,85.38129037859667
35.7127947114516,63.497729996801304,5.576297604994579,34.97157455858566
33.37142714518345,64.15678523583748,0.9828018424615936,56.191493864775296
30.945269237975864,52.027122519214146,1.6197473519188699,34.94168597898701
34.92640916841676,43.44628950654459,4.017596437611956,47.84492048508111
26.739903841912295,60.25505468663064,7.874916633282142,15.895877732284294
37.24725864120852,33.43059085657003,1.3157989067874365,93.29368224152581
29.779273558161048,74.98042272919665,1.5265933586682134,20.830387341696223
29.1805044432555,51.68113126813688,1.7010322529685162,16.327203221427578
24.215665667228237,54.5801970072554,7.800767046151166,34.83626497734093
33.285508039154905,61.584165597986065,0.04153252968004839,83.89402912456273
20.382715632355445,76.49391532672202,7.618075831251099,30.60567226708006
35.96571947683239,36.98162537469727,3.2626540782941236,74.46288721049102
25.362450581435645,78.73126395019166,5.631055620902849,55.32849692884992
22.780430601464467,53.479056069391675,0.4547050690021648,58.799137118563124
22.15789123596657,62.338751312437644,3.7366787186079153,30.75942749430848
27.02625436938588,73.23247997785228,7.822595904239167,49.90053136255244
24.051637773604362,31.28350620946902,7.8444205463561945,85.54065040424638
23.434000725041344,68.57039254963273,5.486525790548283,72.34332864332586
36.12071350594691,31.567446717468247,7.16055726374861,42.66730877922448
21.466103531204205,75.0430690055693,9.704981776852216,42.88458182801366
28.833674792981018,57.82646577972018,7.990616818995497,26.72437863914199
24.159452659593658,68.53087544142389,7.751250298457544,17.207740896145918
36.16306584046704,57.179970480004044,8.669819689478242,93.14825598610608
35.445497568133106,77.98469171103133,7.403922258519473,70.60902568302032
26.638867204233005,39.92157778556121,2.407599956459765,14.262430332770393
39.21034490211204,49.06559315476826,5.643062230829371,68.00262545893943
27.016935348147427,48.289093099606305,1.942459218588618,52.33786018099507
23.464596194797213,41.74202542776948,9.961093639693487,36.514894986169324
20.072880053773755,78.54521524913527,6.649943305167312,69.34664199495475
28.972458948196817,38.54623683712979,6.669861929906978,47.21978683129584
31.198263355926045,30.029135527071233,2.917756774036434,52.95833554735155
28.34412908581688,58.448728308585665,9.06937526737752,23.938161503154355
25.54838276611275,56.70469885069021,3.2609011474743244,95.16317078581257
30.15374109326733,71.14853875854052,2.697662198017634,59.73101497852397
36.097563016158546,60.8064365870479,9.64847406569657,33.808632062893494
36.29723185465143,38.88929942159573,4.748792938732391,59.65480892130962
20.208966529465584,78.7007995470517,2.2340964888371797,49.378087124582365
32.45878898534395,49.73480415108587,2.6360152338613565,89.88150546346877
22.89258680780879,49.03303882477671,0.49881912692843366,44.911414806919815
30.808149986913136,63.69506769906761,7.120421561018247,19.093372615684185
26.014651556767973,32.91926461223771,3.683755564797364,57.313554597803176
21.388608770645696,69.90987870874991,0.3817820909815406,47.5071030294757
28.74727834587686,77.03274941165941,6.81577250261493,50.07406979071753
32.45206654640774,71.63007684109655,2.4528661780526617,27.070827380798782
32.982710831412994,59.25053386021604,7.601287859571456,26.278340013298504
32.33240505564202,31.295794437764012,5.706397120515896,42.883546548974174
36.795654219078315,37.08680931774954,9.790569253113597,41.87139833404996
28.892263388166725,60.32551616099917,8.318448855969416,70.26673974587447
20.904370238903127,60.25437908670037,2.032269967917939,26.879693856022673
33.66042873425885,72.24551961830187,9.751094896962995,50.89224620549572
32.928879026612066,45.374140579651105,1.459305341394147,91.0345250258277
32.476049528361166,60.49028759451262,5.249496004127058,98.2657690396409
24.672380773541033,71.59625994899551,8.319529031883548,24.160399587574638
28.185638903524826,74.37286033215321,5.572985832084535,66.30869164433409
23.314616167315304,70.85671986090645,2.5842626649770883,41.0721956454869
29.042121270981873,74.67744626744876,9.029458422157605,38.70878163723318
21.417897768195168,38.34699558141209,9.425352292231059,27.613356569437457
30.659468527617733,74.09941450246099,1.6547043699339337,31.79004466672964
32.160304808435306,63.635022978951156,1.8568118255088506,10.163853856246087
29.176768051650974,66.19477379178966,8.917135979606662,92.93481463689453
26.71895552371918,47.52013884994079,3.939275175287258,36.53640686499574
27.583205405005522,44.32702722802374,4.265016767198815,12.290373865406258
20.299230710678952,43.94244213949226,8.1201564372682,43.133496378345434
23.82187227655966,33.97336100506503,6.098377279408496,56.90764164553717
39.596727386887146,30.62363148676011,7.322233625945076,39.76532572425238
35.478377784567435,54.73440941297942,3.154684864407593,82.03767125132067
26.112604369888903,41.02989345303169,1.2954749067521498,26.808240044668285
25.951075465829312,60.676087895361846,6.961244805601857,35.06949072365848
20.16124398909749,64.88364034307386,7.030146440949629,37.60544378770042
37.49684480410559,59.17768219882214,2.584537360313216,65.7137346526429
26.201613942376337,39.617699366796266,3.13292470974098,20.78545224970349
34.51890615209851,40.278631323212345,6.7549530296952,90.1532836288753
39.28293124692864,75.13580369785961,3.2388256821154213,94.3939806966231
30.53275525471424,36.59025011915024,2.509419433677654,30.148334270555914
28.068798369555953,36.92824029731446,4.930481256875857,63.703698515284415
22.58075740348947,33.810462668669516,2.1547962568010237,85.9224538980574
20.81351071393698,64.32168934944346,4.161687738710454,45.14678616769908
33.85232908166448,70.75387813568662,2.214676563102893,29.335878014245516
33.21990413098159,59.03430901448296,3.624539432440282,58.17585553741984
31.328252365957297,77.43225312329844,9.977509774085359,13.86550685633845
34.72877420162227,43.373039043719174,9.27180305987929,12.048729226030288
33.7657554187604,38.03579740723194,3.7918299886941265,73.85820186213597
22.24921269716767,73.8813395826738,8.404718704408399,91.11344675843297
26.205476021071398,43.99083367961842,7.322771945818904,11.179273292497502
28.379023216830596,44.36971238367954,9.630719616020434,28.994842300122574
29.32843973756028,31.30375762446629,5.303320536662222,42.18682490694318
31.760441720440465,64.65682122770423,6.967897420536384,31.519095609462983
26.61686771616777,60.819056558415,8.765010322863366,43.07256992353802
27.32670199285408,73.3851195979646,2.60107764252818,96.50754607077097
37.57166665233631,61.66684918379643,8.470954325146216,67.6079823541275
39.63241942632392,32.230540308117895,9.232810054773621,56.04077691161241
24.738208662330752,36.171324338694006,9.58976519965889,43.41346460415846
23.357025435507175,77.26210095078486,3.2776088361472775,54.983745904658626
26.370093921797633,41.39259826502838,0.08248850058036328,17.52659736638602
33.16008759559984,70.82918859650823,5.552939645301888,43.23938652726131
29.899592180458622,54.021810455273425,4.459706948071803,70.26468108536628
37.43358149630362,57.488036863421854,6.754421966231947,84.0895391213413
30.873408219459876,70.33833676524762,8.80360356396654,51.00133370761896
26.8682325647778,41.67412376554568,0.887152521517165,38.52974027656978
29.37818812872919,75.20663926606493,8.925836281811279,16.202621431943268
31.299536867991606,32.980440893606854,2.7409186283419484,69.46223831731166
20.293984474320766,64.69421922372783,4.5500476455619765,68.42216515612444
29.387756042817813,33.911176442748385,7.164549679059119,10.354071845324661
31.58329168615432,70.59021205959426,9.979889365657343,34.79153874452955
26.655972712566083,62.66124228970878,7.8272567298022855,21.90823670473482
24.020903141138984,32.371089538357964,0.754624268981442,24.723376010204504
26.08646824300361,36.29333255532329,6.608354833206571,59.121614510986085
32.6790413037898,75.80652431220412,6.553440100249138,71.24000922037715
39.4217093484032,64.94423958407839,9.011709794239566,58.237908838670684
31.367585383307777,53.86467924006938,7.539064702778106,55.015009760576646
25.572140051649896,56.22578196143527,8.104837456179265,14.26975387994448
36.37281485282166,31.311698918019776,0.3153409912001792,95.9236281949458
39.839129666818735,75.83805123940037,7.402572010018887,28.7250148621264
25.021080230073025,44.74375178653122,4.668542991888466,68.06318461625982
30.65491983891258,35.18122607124451,2.55213227761661,39.9430480182006
26.820334033651665,61.64293827016796,9.996663846681411,68.36279100908085
33.86965543953227,46.68466839509058,0.5794566942478019,48.444271197031455
29.40475779409511,33.06555214668661,2.169879122026237,11.525645556023646
31.91839787683451,64.82841978022489,4.691824180682823,59.58867119323106
39.40404763815382,57.87707498551026,9.279000886219821,27.203759904164883
20.69898075178346,61.64854387356589,2.1827881430067695,94.4246737283986
23.50479267683987,55.20309969275565,4.374846202148873,97.12509380172068
34.68139116518909,47.9407292048825,6.153527577068817,53.524935993618705
24.76671988704416,32.41734057627561,3.1382444705563217,55.965966097189266
20.188346595411684,30.412046542386502,3.2931082372626674,60.71333775713907
20.207932819421355,74.48593132536654,5.465300758271512,37.23278210990273
33.303805451397714,31.00685453122657,3.299048203665537,67.07356835587791
23.695196263467768,60.310652124494155,4.546501693094753,27.752447722311974
36.37688380153354,38.91158125058772,7.106663890380284,47.24743472269431
21.40298791747636,45.28530703608261,8.153653856052475,11.286979891863533
32.649072965383965,69.4371628116318,3.801646200735017,26.308364945008215
23.451271844866874,70.63604394444036,6.496829301134337,42.89690936815298
31.90418578358976,69.28483504391957,3.42048210611805,69.31209844424538
33.419812262992956,71.70599973027328,5.809751759632106,90.96425068678438
39.46035557818301,55.675715344086754,1.290850240727125,48.252210454335156
32.18934233717802,34.647128238407454,5.743633629805002,99.17415698090427
34.6397892242726,54.521973183271314,2.3625689019858465,61.19699352136997
32.07234839933162,74.93537597377006,3.9867406185331955,31.780403131872145
26.732599135793784,31.123585814189898,3.2530034844106135,37.74411993706718
28.556849792008904,79.7711352749605,6.046342988921372,67.9682035468453
21.667614418527442,34.17836801615288,7.6506519829732165,30.604736109198676
25.87454520082725,73.0811594287288,6.3823847418101085,18.585386054211696
27.203030357577127,31.699129694654395,3.018467226092759,92.37817809901854
23.679051605440737,33.96658681779331,1.309715939898518,27.80678574298627
20.094294090172124,38.54485697050737,2.8058020214473114,84.11871171045273
20.484740019053046,67.92798990587843,5.900467199996103,91.63706453871877
29.014584383054768,63.58226134871215,1.1892354353909773,78.03964167098322
39.51820519001646,71.68166036881738,5.881586376820723,12.700836644596444
36.843910885019866,58.682045497581065,1.5785261026456876,40.83762255133807
30.35415363451795,42.82241087981593,8.842590814885243,58.146806960898246
22.161347586929654,64.89193335694702,2.7999203535122086,93.3164760733337
25.888481315123606,66.50774545613032,9.26849320155047,87.86323528165988
21.14892336972755,31.792407949824515,4.825101190888052,42.128882909593024
26.162993903620198,35.29632771307065,8.306124107027319,85.41607445809697
33.72112777018046,66.28216043130502,4.397812093026442,44.77070632648588
23.303686703592128,38.99957517283519,9.869013289810765,22.7480429458859
22.8318642381156,45.905588814400545,1.1397594065870387,99.85592885308388
37.983505979944965,46.62028695898606,4.392186297191618,68.73234363551693
34.331865122165226,55.61236260316724,6.7877291466057805,82.35108628145805
21.962611787620443,62.117224553491404,5.774635596822733,32.276481498911984
33.48095600506295,63.67807301847608,6.731146937067484,28.01497047008651
23.835145890824187,69.8082704175842,1.0727883455820586,44.78089116722139
20.020247550938034,32.16856252777287,3.932222135760494,54.3546749152196
39.94310365098977,58.12479641771483,7.864790470269286,64.27120064643313
28.10222290746957,61.61334695296691,2.263489551865203,87.60147675677499
33.968662574110255,42.200395325719924,2.024998472085364,65.83879898004463
37.50739145559774,69.5017248880867,8.716390501669064,82.2619172098003
